Train Set Index,Label,AUM
15696,Bird,-5.843003700000001
36288,Truck,-5.6382413499999995
18310,Truck,-5.497306999999999
24461,Bird,-5.1224475
36782,Dog,-4.953884599999999
43991,Dog,-4.80874075
40904,Dog,-4.7448525
11734,Airplane,-4.7283072
38628,Airplane,-4.50922755
4972,Ship,-4.3311282
14187,Cat,-4.2327451499999995
21645,Truck,-4.208971
9235,Dog,-4.1620611
17455,Cat,-4.1048045
24284,Automobile,-4.0450726
49447,Automobile,-4.0329352499999995
46403,Frog,-3.9786549499999997
33079,Dog,-3.95322855
15493,Cat,-3.93333625
43071,Dog,-3.9018735500000004
8583,Frog,-3.8657758500000003
3879,Deer,-3.8257507000000004
43283,Cat,-3.7826913500000003
8768,Dog,-3.76411615
16593,Bird,-3.7476102000000004
24141,Horse,-3.6710002
28308,Cat,-3.670959
46521,Deer,-3.667611
640,Frog,-3.65932735
23597,Bird,-3.64646
48769,Truck,-3.6157242999999997
33266,Deer,-3.5944898
16389,Frog,-3.5907245000000003
30112,Dog,-3.57813335
21538,Automobile,-3.5689427
30523,Dog,-3.5543207
29145,Dog,-3.50936115
5636,Frog,-3.45765485
40800,Dog,-3.41751275
10380,Automobile,-3.4171631
20514,Frog,-3.4010529499999995
10080,Truck,-3.3895288499999996
39905,Automobile,-3.38015
16663,Frog,-3.329563
43493,Cat,-3.32578145
30524,Bird,-3.29743815
32261,Cat,-3.2860795
30174,Horse,-3.2718558499999997
4987,Deer,-3.2279423
25686,Cat,-3.2160462
32166,Bird,-3.18056055
21321,Bird,-3.1523906000000004
10487,Airplane,-3.1421502
9850,Frog,-3.1363497999999996
18566,Deer,-3.1351882499999997
10595,Cat,-3.1322688999999997
13533,Cat,-3.1225977000000005
17202,Horse,-3.1076359
4960,Dog,-3.1052481499999995
36506,Airplane,-3.0979006499999997
12131,Airplane,-3.09307085
26616,Truck,-3.0912217999999996
44721,Airplane,-3.0904406
39618,Deer,-3.08689705
2164,Cat,-3.0822534
8929,Dog,-3.0727254999999998
4973,Deer,-3.0650849
30862,Cat,-3.0500682999999995
49555,Airplane,-3.0423583
42946,Dog,-3.02886925
32208,Horse,-3.0195345
48027,Frog,-3.0106016500000004
10656,Airplane,-2.9966981
32843,Cat,-2.98939255
41802,Bird,-2.98908745
6430,Cat,-2.95920205
30561,Deer,-2.9491403000000003
17926,Cat,-2.9392276
17262,Bird,-2.93892315
38173,Deer,-2.93423335
13361,Dog,-2.93106225
23919,Bird,-2.92395025
21347,Cat,-2.9141622000000003
31017,Dog,-2.9044814
9785,Frog,-2.9011874
25483,Truck,-2.8993292
38848,Truck,-2.89174725
32044,Dog,-2.883607
6894,Deer,-2.8821974
20534,Cat,-2.8772447
25824,Dog,-2.87454725
45981,Deer,-2.86325335
40200,Frog,-2.861554
40969,Dog,-2.8602663
15091,Bird,-2.8560469
39860,Truck,-2.849025
5729,Dog,-2.84783685
7062,Deer,-2.8459507
27980,Bird,-2.8355265000000003
33312,Deer,-2.83361695
15354,Dog,-2.83136375
17306,Dog,-2.8300543
42736,Cat,-2.81970815
27887,Ship,-2.8143872500000002
25095,Bird,-2.8112694
36888,Truck,-2.8062607
39953,Automobile,-2.7985453999999996
15450,Dog,-2.79655115
8798,Bird,-2.7861568500000002
16109,Horse,-2.7834173499999997
28497,Bird,-2.7645667
29302,Dog,-2.7634261999999996
23435,Horse,-2.7616028999999997
7398,Dog,-2.7559251
46373,Bird,-2.7452414
46308,Cat,-2.7349327000000003
45617,Ship,-2.7231758
24779,Cat,-2.71823035
29760,Dog,-2.71669825
1321,Cat,-2.7046228
6132,Airplane,-2.7040930000000003
13891,Bird,-2.7032004499999998
26857,Dog,-2.6980369
23207,Dog,-2.68413265
40591,Deer,-2.6784539
34335,Horse,-2.6691585499999997
38762,Deer,-2.6666222
42505,Dog,-2.6631598
30966,Truck,-2.6612867
1538,Dog,-2.65993675
5347,Deer,-2.6425061000000003
38882,Dog,-2.641959
9639,Bird,-2.641654
42155,Bird,-2.6400843
43885,Deer,-2.6382395
19085,Horse,-2.6346478
10978,Dog,-2.63372825
18560,Deer,-2.6170297000000002
38685,Deer,-2.6160550000000002
36710,Bird,-2.60766055
34185,Cat,-2.6070646
14936,Cat,-2.59561215
32653,Truck,-2.5781186000000003
21068,Deer,-2.57711685
34226,Horse,-2.5760376000000003
30702,Truck,-2.570347
21279,Dog,-2.564168
1569,Deer,-2.5636270999999997
25584,Horse,-2.55727815
7964,Frog,-2.5548718
30113,Cat,-2.5513585
16088,Horse,-2.5499932000000003
46300,Horse,-2.54921235
5074,Deer,-2.546882
16369,Truck,-2.54246865
16252,Automobile,-2.53335025
40611,Cat,-2.5177371500000003
11710,Bird,-2.5090319
14987,Dog,-2.50545695
21292,Frog,-2.49935295
33978,Cat,-2.4963655
20792,Horse,-2.49401385
42401,Deer,-2.4935462
15987,Dog,-2.4919863999999996
38110,Horse,-2.4863571999999996
5096,Bird,-2.4814515000000004
42969,Deer,-2.4779087
18338,Frog,-2.4771469
44697,Deer,-2.4714004
16002,Airplane,-2.4702377
3448,Dog,-2.4473126
2130,Cat,-2.4446294
38787,Deer,-2.4412303
49785,Truck,-2.4373782000000004
17713,Deer,-2.4365062
35395,Deer,-2.4357489500000002
40159,Airplane,-2.4227575
39228,Dog,-2.41601795
47756,Frog,-2.41393505
4009,Dog,-2.4104427999999998
38459,Bird,-2.4061473
11187,Bird,-2.4044672499999997
16788,Horse,-2.3991
6876,Horse,-2.39526405
16635,Cat,-2.3856144
21553,Horse,-2.3823999
3626,Bird,-2.3819817500000005
33931,Dog,-2.3781059
40389,Ship,-2.3676052000000003
30188,Dog,-2.3675755
25517,Dog,-2.36701385
37790,Dog,-2.3646958
3803,Dog,-2.3642266
25423,Deer,-2.3641915
39750,Horse,-2.3629998500000005
30814,Automobile,-2.3587039499999998
4157,Horse,-2.3528445
29868,Ship,-2.3493371
7068,Bird,-2.34902645
34198,Ship,-2.3467504
39,Cat,-2.339252
10573,Horse,-2.33634925
8996,Horse,-2.3331161000000002
49995,Bird,-2.3304534
13158,Automobile,-2.3156669
24919,Bird,-2.3133160000000004
37874,Dog,-2.30780115
46534,Dog,-2.3037485999999996
18553,Deer,-2.3011832
629,Cat,-2.2995360000000002
46517,Horse,-2.29403775
28608,Cat,-2.2904486
18763,Airplane,-2.2884405
41056,Deer,-2.2873027
13732,Horse,-2.28635535
33517,Frog,-2.27710805
4481,Cat,-2.2758291
16426,Deer,-2.2695045
44110,Cat,-2.26540475
24322,Bird,-2.2623958999999996
45987,Deer,-2.25608585
39401,Frog,-2.2521608
44432,Dog,-2.2412952000000006
48261,Ship,-2.2375448
9394,Cat,-2.2310548999999997
44480,Bird,-2.22001005
36502,Bird,-2.21858885
11424,Airplane,-2.2154615
1289,Ship,-2.213652
40789,Ship,-2.20915285
5978,Truck,-2.2046849
19874,Bird,-2.20320795
46697,Cat,-2.1993096
35087,Frog,-2.19631505
4665,Truck,-2.1893754
13478,Bird,-2.1830747
12033,Cat,-2.1736315
49342,Bird,-2.173507
13788,Ship,-2.17033085
13666,Ship,-2.1670971999999997
41229,Cat,-2.16142875
29306,Truck,-2.1571327499999997
11092,Deer,-2.1517801
14594,Airplane,-2.12985865
30047,Automobile,-2.12440025
1722,Frog,-2.1178752000000003
27078,Horse,-2.1164865500000003
41578,Cat,-2.1135921499999997
46114,Bird,-2.1121685500000003
21938,Automobile,-2.1114064
32085,Cat,-2.1082592
19466,Horse,-2.1063054
31725,Ship,-2.0991424
49149,Airplane,-2.09782955
33143,Ship,-2.09005245
22711,Deer,-2.0895377
38775,Dog,-2.0859998500000003
1254,Deer,-2.0857376499999996
33949,Horse,-2.08532035
9145,Cat,-2.0837386
23769,Dog,-2.0811796
31743,Bird,-2.0805771
18798,Cat,-2.0777057
33576,Dog,-2.0769042
33707,Dog,-2.0703776
30838,Cat,-2.0689319999999998
3192,Frog,-2.0686542
48220,Dog,-2.0676799
10665,Frog,-2.0659009999999998
31817,Dog,-2.06506685
49425,Truck,-2.06462785
15173,Bird,-2.0644278
20421,Dog,-2.0603084
45667,Cat,-2.0559683
36648,Automobile,-2.0511484
801,Cat,-2.0501207999999997
44140,Bird,-2.0495517999999997
19833,Deer,-2.04885375
44532,Dog,-2.0488322
35543,Dog,-2.04794
18551,Automobile,-2.04661165
39057,Frog,-2.0461208
35063,Bird,-2.0459296
32574,Ship,-2.0413692
44159,Bird,-2.04031495
44976,Cat,-2.0394746
12586,Automobile,-2.03902255
6744,Bird,-2.0306647
22573,Truck,-2.0287509999999997
45882,Dog,-2.02742185
32999,Dog,-2.0232563000000003
19959,Frog,-2.0218387
38629,Dog,-2.018158
4799,Cat,-2.01634785
45038,Cat,-2.01059055
30422,Horse,-2.0094433
48655,Automobile,-2.00920255
41992,Cat,-2.0065843
48162,Cat,-2.0065227
20075,Dog,-2.0040203
47038,Dog,-2.00342515
6097,Bird,-2.0022018
20277,Dog,-2.0013492
19969,Bird,-2.0011866499999997
41789,Dog,-2.00008455
41818,Airplane,-1.9952020000000001
39225,Dog,-1.9925435999999999
3454,Bird,-1.9872044
4634,Bird,-1.9854162
34972,Dog,-1.98041935
24304,Truck,-1.9792339499999998
13540,Horse,-1.9773996999999999
45854,Cat,-1.9671402999999998
34203,Bird,-1.9644917499999996
32577,Ship,-1.96208065
34428,Horse,-1.96132795
43731,Airplane,-1.95897475
26181,Bird,-1.9546568
36218,Truck,-1.9512608500000002
3902,Dog,-1.9503454
27505,Horse,-1.94920595
18885,Automobile,-1.94719815
2693,Bird,-1.9464712
4259,Dog,-1.9440714
14791,Dog,-1.9429363000000002
12384,Automobile,-1.94226125
31308,Bird,-1.93952485
36518,Cat,-1.9377839999999997
40467,Dog,-1.9366728500000001
20795,Airplane,-1.9362924000000001
39360,Bird,-1.93595945
5097,Cat,-1.93047235
21127,Dog,-1.929401
47724,Horse,-1.9291761
11723,Dog,-1.9279819000000002
47674,Bird,-1.9279598
4924,Deer,-1.9264573999999999
20117,Cat,-1.92480985
3455,Bird,-1.9237739500000002
40350,Truck,-1.92068565
33398,Ship,-1.9193096
5434,Deer,-1.9192212
30731,Bird,-1.9110498500000004
4160,Dog,-1.9049965000000002
10025,Frog,-1.9040200999999999
1488,Horse,-1.9030551000000002
798,Truck,-1.8966672
8022,Ship,-1.8964778500000001
189,Airplane,-1.8926502
47478,Cat,-1.8907758000000001
4853,Bird,-1.89031415
22755,Bird,-1.88871035
31215,Horse,-1.8886383000000002
14709,Cat,-1.8853799999999998
38941,Deer,-1.8814088
26287,Bird,-1.8749802999999998
13223,Airplane,-1.8710665
28461,Ship,-1.867748
31366,Cat,-1.8659446
26753,Dog,-1.8647821
16421,Cat,-1.8639858500000002
29803,Airplane,-1.8628040000000001
45233,Airplane,-1.8613962000000002
44809,Truck,-1.8609262999999998
13527,Dog,-1.86019355
17141,Dog,-1.85770715
31940,Cat,-1.8572411500000001
3178,Cat,-1.8556458
9586,Dog,-1.8521146499999999
18277,Dog,-1.85076675
450,Dog,-1.8503762
29843,Truck,-1.8495262500000003
20621,Bird,-1.8494749999999998
32047,Bird,-1.8491551
24065,Cat,-1.8477564999999998
26505,Airplane,-1.8463190999999997
47216,Deer,-1.84411495
41372,Cat,-1.84391115
49218,Cat,-1.83490365
21567,Cat,-1.83465075
3428,Bird,-1.8306504499999998
36928,Truck,-1.8289273499999998
22631,Frog,-1.82507855
28438,Dog,-1.8245949000000001
47936,Bird,-1.8205156000000002
16014,Cat,-1.8175536
46869,Horse,-1.8147350000000002
5473,Cat,-1.8136116999999998
32227,Dog,-1.80905495
46374,Cat,-1.80611715
37887,Frog,-1.805347
17289,Truck,-1.8009766000000003
35000,Dog,-1.7993557500000001
8781,Cat,-1.7906578000000002
48498,Bird,-1.7879919999999998
34954,Dog,-1.7829418000000001
19540,Dog,-1.7804659999999999
19797,Deer,-1.7792352500000002
16363,Cat,-1.7734310000000002
41377,Deer,-1.7697779000000002
19222,Dog,-1.7685677499999999
20704,Cat,-1.7683727999999999
18735,Airplane,-1.7679486
33345,Cat,-1.76496685
18572,Airplane,-1.76336215
46678,Airplane,-1.7610934500000002
22473,Dog,-1.7599044
35432,Deer,-1.75851195
46369,Airplane,-1.7584063
39441,Dog,-1.7575722
33654,Airplane,-1.7574116499999999
29558,Dog,-1.75640405
39037,Airplane,-1.7557429500000001
46291,Bird,-1.7528168499999999
15662,Automobile,-1.7506275000000002
4139,Cat,-1.75027425
26399,Cat,-1.7494279
24777,Bird,-1.7488606
20483,Dog,-1.74594805
44241,Bird,-1.7444548999999998
33286,Bird,-1.7434267
25492,Cat,-1.7429576
5751,Dog,-1.74277885
14172,Bird,-1.74266535
21452,Bird,-1.7399572
49315,Dog,-1.7309799
15706,Cat,-1.7306105
32021,Cat,-1.7282460999999998
30683,Cat,-1.72754065
33244,Frog,-1.7270991000000002
17664,Cat,-1.7222315999999998
28162,Cat,-1.7212990000000001
49710,Bird,-1.71573185
3396,Dog,-1.7145587
29632,Deer,-1.71429285
20505,Cat,-1.7134819
41737,Deer,-1.7110081
33929,Bird,-1.70905305
16806,Deer,-1.7069176499999998
44181,Bird,-1.70687355
14899,Bird,-1.7058746
13915,Airplane,-1.7042363
41721,Bird,-1.70393345
18512,Deer,-1.7024488999999998
36940,Ship,-1.7019004
23859,Cat,-1.7016063999999997
34363,Bird,-1.70147005
5867,Bird,-1.7004225
3480,Bird,-1.6987658
30834,Bird,-1.6965811999999998
6001,Dog,-1.6944019999999997
26874,Dog,-1.692894
45819,Dog,-1.68969405
49472,Dog,-1.6891645
16063,Automobile,-1.68631985
42959,Horse,-1.6813308999999999
4214,Airplane,-1.68087945
41061,Automobile,-1.6792842499999998
47322,Cat,-1.67773095
3883,Ship,-1.677066
40890,Airplane,-1.6768499000000001
45305,Frog,-1.6752077
32335,Horse,-1.6743101499999997
22385,Deer,-1.6729618000000002
4628,Cat,-1.671356
12043,Bird,-1.66968265
13044,Automobile,-1.66118035
3416,Bird,-1.658898
42126,Horse,-1.65826885
27081,Bird,-1.65739035
2980,Horse,-1.6568087500000002
35720,Truck,-1.65600523
19194,Deer,-1.6518186000000001
40515,Bird,-1.65154745
26382,Dog,-1.6504389500000003
27086,Horse,-1.6481675999999998
9959,Truck,-1.64480495
28730,Dog,-1.64316835
46942,Horse,-1.6417197
44789,Horse,-1.6348703999999996
7997,Cat,-1.6343319
2408,Bird,-1.63243485
703,Truck,-1.63210735
13035,Bird,-1.6316913
30826,Deer,-1.6315515999999999
13933,Deer,-1.6235808
17070,Bird,-1.6219095
732,Dog,-1.6186232500000002
21697,Cat,-1.6179475
5346,Airplane,-1.61736855
7664,Bird,-1.61289995
49427,Truck,-1.6109258
31171,Bird,-1.6089907500000002
24237,Horse,-1.6059563
755,Frog,-1.6041284
32511,Dog,-1.5942358
20999,Ship,-1.5906433
15176,Bird,-1.5888147
2011,Cat,-1.58756825
24408,Truck,-1.58435985
13075,Bird,-1.58265715
684,Cat,-1.5816637999999998
45503,Dog,-1.5815638
2154,Cat,-1.58045785
43067,Truck,-1.5804315
31897,Bird,-1.57990145
13787,Deer,-1.5785346000000002
23525,Deer,-1.5775309
16596,Airplane,-1.5757341
25676,Cat,-1.5746962999999998
5404,Airplane,-1.5742155
5109,Frog,-1.5731623
6319,Cat,-1.5714136500000002
31355,Dog,-1.56982035
49514,Dog,-1.56854505
19972,Dog,-1.568281
17358,Dog,-1.56549255
48531,Bird,-1.5624908999999998
34053,Bird,-1.56184785
2982,Cat,-1.56071135
26148,Bird,-1.5602261499999999
14422,Cat,-1.5601846
44967,Airplane,-1.55968175
16402,Bird,-1.5590897
9371,Cat,-1.5581749
27204,Bird,-1.55804113
45403,Automobile,-1.55789975
46416,Deer,-1.5567908
8106,Horse,-1.5558461499999998
45450,Dog,-1.5539371
23376,Cat,-1.54648015
25194,Cat,-1.54508695
13406,Ship,-1.5450049
3517,Bird,-1.5447047500000002
4369,Horse,-1.5431899
25217,Bird,-1.5415559
38281,Deer,-1.5409861999999999
45664,Dog,-1.5408274
22616,Ship,-1.5392684500000002
11799,Automobile,-1.5388223
44029,Cat,-1.5370198
26625,Truck,-1.5341334
49869,Airplane,-1.5280466499999998
47659,Dog,-1.5274855
13829,Dog,-1.5261187999999999
16884,Truck,-1.5246639500000003
46251,Deer,-1.5207576500000002
37466,Deer,-1.5164559
8256,Frog,-1.516177
5255,Ship,-1.5158999
41454,Bird,-1.5107995
34778,Automobile,-1.5087864999999998
29676,Ship,-1.5081733
10490,Horse,-1.5072423000000001
29443,Horse,-1.5056398000000002
26660,Cat,-1.5051052999999999
22896,Horse,-1.5050720499999999
37613,Bird,-1.5050693000000002
7583,Truck,-1.50409795
19006,Deer,-1.5034238000000002
646,Bird,-1.5027495
7761,Bird,-1.49924665
16216,Deer,-1.4989463
20145,Bird,-1.4985306500000002
30056,Truck,-1.4974851999999998
27961,Airplane,-1.4971478
725,Deer,-1.4956659
10213,Frog,-1.49553945
23939,Frog,-1.4951194
4260,Dog,-1.4934747499999999
12349,Dog,-1.49228425
5773,Bird,-1.4917039
14802,Dog,-1.4900262
30579,Dog,-1.4899361
4437,Cat,-1.4892357000000003
41044,Truck,-1.4879002
24390,Horse,-1.4864063
1929,Bird,-1.4851545
32909,Deer,-1.4844894
43742,Cat,-1.48313
34011,Cat,-1.4817440999999998
1533,Bird,-1.4816747
6490,Cat,-1.4795809
6290,Frog,-1.4778699
42491,Dog,-1.47683875
48443,Cat,-1.4741805000000001
32917,Cat,-1.47401005
22464,Truck,-1.473684
1532,Bird,-1.47338385
39259,Horse,-1.4697073
15949,Airplane,-1.46804615
28948,Bird,-1.4679426000000002
38753,Airplane,-1.4676208499999999
21033,Deer,-1.4675359
3747,Dog,-1.4666906000000002
25727,Dog,-1.4654808
633,Frog,-1.4645744
26081,Airplane,-1.4643917
46983,Bird,-1.4607738000000001
19729,Bird,-1.4598724
39649,Dog,-1.4541392499999999
45709,Bird,-1.4532229
14614,Horse,-1.4516242
24562,Cat,-1.45053285
27560,Bird,-1.45039625
5966,Cat,-1.4503313
39439,Deer,-1.44742055
12517,Cat,-1.44684505
48139,Dog,-1.4446321000000002
38357,Truck,-1.4425008
1618,Dog,-1.4421214500000001
11142,Dog,-1.4409843999999998
36662,Deer,-1.4399366
21786,Truck,-1.4397284
36440,Cat,-1.4377908499999998
23588,Bird,-1.4371472499999998
47888,Frog,-1.4324981
20048,Bird,-1.4324113
34277,Horse,-1.43065265
38595,Horse,-1.42969025
20101,Dog,-1.42857435
4489,Truck,-1.42811735
24271,Ship,-1.4266537000000001
39100,Cat,-1.4256289
20407,Deer,-1.42408925
18363,Deer,-1.4217003
13698,Bird,-1.4199044
18178,Automobile,-1.4195195
9350,Bird,-1.4158106
1089,Horse,-1.41501
26291,Horse,-1.4140190000000001
34312,Dog,-1.4133915000000001
15743,Ship,-1.41091275
18044,Deer,-1.4062507499999999
10587,Cat,-1.4053619000000002
47534,Deer,-1.4041436999999999
15412,Cat,-1.4040277
45715,Automobile,-1.4036857
22831,Bird,-1.4035118
24722,Frog,-1.4033698500000003
11763,Cat,-1.4030868
45935,Deer,-1.4017857999999999
2994,Automobile,-1.4004275000000002
25940,Frog,-1.4003513
3359,Ship,-1.3982499
43546,Frog,-1.39791005
27401,Dog,-1.39782555
6493,Cat,-1.39770233
6837,Cat,-1.39681375
11888,Deer,-1.39441345
40938,Dog,-1.39343355
15119,Truck,-1.381178
5393,Dog,-1.38011075
11650,Bird,-1.3765812
14206,Bird,-1.3746312
17887,Bird,-1.3736816
40301,Deer,-1.3729206999999999
33003,Airplane,-1.3722040999999998
25023,Airplane,-1.369259
47447,Dog,-1.3678810000000001
36463,Frog,-1.3578622999999999
9295,Dog,-1.3574316999999998
14107,Cat,-1.3567436000000002
39576,Deer,-1.355513725
27841,Ship,-1.3488137999999998
18459,Dog,-1.34415305
24571,Cat,-1.3432575
27383,Dog,-1.3403075
9196,Dog,-1.3378611999999999
24276,Cat,-1.3372540499999999
30642,Dog,-1.3365648499999998
22206,Truck,-1.33626845
30151,Deer,-1.3355295
1721,Ship,-1.3336952000000002
11453,Truck,-1.3322994499999998
14474,Deer,-1.3304737
18127,Cat,-1.3296455
46449,Ship,-1.3278067999999998
39335,Ship,-1.3213504500000002
16566,Dog,-1.3209909
31420,Bird,-1.31846725
47346,Horse,-1.31794525
1884,Bird,-1.31722055
22691,Bird,-1.3162269
39282,Dog,-1.3152257
35394,Dog,-1.3139444
43209,Dog,-1.3121914
47073,Truck,-1.31157645
14602,Bird,-1.3108471499999998
5280,Ship,-1.3103294
9321,Frog,-1.309657
19096,Dog,-1.3092832000000003
35993,Dog,-1.3079852
32825,Cat,-1.3076335
23147,Bird,-1.30728865
21143,Airplane,-1.3072042
10929,Cat,-1.3050283
28510,Dog,-1.3043238000000001
5372,Dog,-1.30421725
20784,Cat,-1.3030088499999999
37903,Deer,-1.30071045
11562,Deer,-1.3000113
32255,Dog,-1.29962935
19174,Truck,-1.2990446000000002
3068,Bird,-1.2983044500000003
19093,Cat,-1.29771875
32446,Deer,-1.2959828
15371,Dog,-1.29558715
13786,Bird,-1.2931451
47063,Ship,-1.2902598
42761,Automobile,-1.28912025
38437,Dog,-1.2870914
15206,Ship,-1.2863808
26900,Cat,-1.28595175
11801,Truck,-1.2837763999999998
7635,Bird,-1.28204125
5603,Bird,-1.2792575000000002
16928,Cat,-1.2792001
5384,Bird,-1.2782794499999999
40905,Dog,-1.27812375
42738,Cat,-1.27652205
32555,Cat,-1.2759086499999999
30334,Frog,-1.2750372349999999
4074,Dog,-1.2748728
18934,Dog,-1.27403555
47631,Bird,-1.2714995
33134,Bird,-1.2699794500000001
22987,Bird,-1.2687464
19056,Bird,-1.2651154999999998
13317,Automobile,-1.26236625
22734,Bird,-1.2620136
23916,Dog,-1.26068115
9060,Cat,-1.258712
48377,Cat,-1.2580419
7074,Bird,-1.2547443999999999
28433,Cat,-1.2544658499999999
12342,Cat,-1.2544174
16038,Deer,-1.2526059
26530,Truck,-1.2503210500000002
14558,Cat,-1.2492450000000002
49747,Frog,-1.2490734
5859,Cat,-1.2467753
40388,Bird,-1.2459611000000002
23083,Cat,-1.24451415
7135,Bird,-1.2442028500000002
9446,Bird,-1.2434659
44748,Dog,-1.2423989
17642,Dog,-1.24152563
23261,Cat,-1.2402636999999999
9442,Automobile,-1.2396699500000001
18762,Dog,-1.2381436000000001
38496,Deer,-1.23802545
29912,Bird,-1.23767705
22566,Horse,-1.23749335
22406,Cat,-1.23734287
11144,Frog,-1.2371703
49649,Dog,-1.2365268999999999
17400,Dog,-1.2352352500000001
42054,Dog,-1.2325415
48736,Dog,-1.2300057
21075,Dog,-1.2291639
11766,Bird,-1.2288772
9570,Cat,-1.22838925
23440,Ship,-1.2274824500000001
34454,Airplane,-1.22705895
49927,Dog,-1.22558505
28281,Bird,-1.22476525
36699,Bird,-1.2243620000000002
45901,Cat,-1.22411555
41443,Frog,-1.22191115
5428,Airplane,-1.2209773000000002
34962,Automobile,-1.2208389000000002
13034,Truck,-1.2198944
46360,Dog,-1.21913255
14421,Bird,-1.2173104000000001
15210,Cat,-1.21716815
32195,Dog,-1.21695405
46089,Bird,-1.2158514
17753,Ship,-1.2154254999999998
49484,Dog,-1.21522715
7853,Bird,-1.2151286
16537,Horse,-1.215016
20130,Bird,-1.2132026000000002
45480,Horse,-1.21270145
43052,Cat,-1.2089139
10066,Cat,-1.2032462
42040,Deer,-1.20143398
23934,Frog,-1.2004313
11113,Frog,-1.197877
862,Frog,-1.1977691000000001
38521,Cat,-1.1975245
13656,Airplane,-1.196016675
36731,Deer,-1.19274348
9479,Cat,-1.1922028
25200,Bird,-1.19117475
41534,Frog,-1.19089805
21204,Airplane,-1.19023565
25684,Cat,-1.187913
34611,Bird,-1.1838296999999998
14490,Deer,-1.1832209999999999
9073,Cat,-1.1806575
16496,Dog,-1.1795247500000001
47084,Truck,-1.1782564500000001
21458,Airplane,-1.1755911500000003
48290,Bird,-1.17492065
23652,Airplane,-1.1742221000000002
9665,Dog,-1.17392735
12748,Bird,-1.1735592499999998
25246,Cat,-1.17323125
30332,Cat,-1.1714467
6402,Cat,-1.1701787000000001
36930,Cat,-1.1689797199999998
19537,Dog,-1.16666735
33099,Deer,-1.16638967
34439,Cat,-1.165474935
40497,Horse,-1.1644737000000003
8196,Dog,-1.16200065
44542,Bird,-1.1609743000000001
49594,Automobile,-1.1597659
5265,Dog,-1.159048885
2009,Dog,-1.157454825
37470,Dog,-1.15641635
35966,Automobile,-1.1551611000000002
41711,Deer,-1.15097775
11006,Bird,-1.1502059
26683,Horse,-1.1493864
23345,Automobile,-1.1488996500000002
20484,Dog,-1.1482603999999998
26629,Bird,-1.147361
47112,Ship,-1.1468349500000001
27131,Bird,-1.14633998
47229,Dog,-1.1425665999999999
33283,Dog,-1.142247215
38030,Bird,-1.1421808
17590,Truck,-1.1406763999999998
4014,Bird,-1.1405439
2960,Horse,-1.13895705
19690,Dog,-1.1384670000000001
38912,Cat,-1.1370809
13047,Bird,-1.1365786
7083,Ship,-1.13656625
43876,Horse,-1.135775
32804,Dog,-1.1322958
20982,Dog,-1.1285233
17103,Airplane,-1.1283134
35735,Dog,-1.125337675
8601,Dog,-1.12445645
24723,Truck,-1.12425573
24377,Deer,-1.1207571000000003
39477,Airplane,-1.1197621000000002
2789,Bird,-1.1192684
39325,Cat,-1.1191031999999999
46057,Dog,-1.1176464999999998
7586,Bird,-1.11655643
7882,Bird,-1.1157480499999999
44189,Dog,-1.1155764
18011,Deer,-1.11414245
13259,Cat,-1.1080183000000001
4521,Bird,-1.1069684
34868,Horse,-1.106474
32862,Dog,-1.10577275
9624,Cat,-1.1044182
32707,Frog,-1.10298742
18479,Cat,-1.1025067000000002
16976,Dog,-1.10210975
40937,Deer,-1.101917225
16492,Deer,-1.0989361500000001
46297,Airplane,-1.0981273
19295,Bird,-1.098104
39574,Airplane,-1.0967561000000001
48232,Bird,-1.09444695
21211,Horse,-1.0920307
35020,Horse,-1.0917807499999999
8490,Deer,-1.0910597499999999
12516,Automobile,-1.0885027
26928,Cat,-1.08838175
43822,Bird,-1.0861972
19982,Airplane,-1.08491165
14327,Bird,-1.08358427
15891,Automobile,-1.08346805
46877,Bird,-1.0829962
45911,Deer,-1.0827014
39124,Dog,-1.082608
48250,Bird,-1.0823277
32130,Deer,-1.08129655
35887,Bird,-1.07520815
7103,Dog,-1.0708335
30757,Dog,-1.0693020999999998
17733,Dog,-1.068636275
21532,Bird,-1.06771545
48796,Deer,-1.06736315
49367,Cat,-1.0671012000000002
20892,Cat,-1.0632814
42671,Frog,-1.0607828
42175,Airplane,-1.06054713
19221,Cat,-1.0605386
38878,Automobile,-1.0573424
38261,Automobile,-1.05531825
39021,Cat,-1.054323
47413,Cat,-1.0536491
11513,Dog,-1.05260815
1509,Deer,-1.0484957750000001
30623,Truck,-1.039364
9119,Airplane,-1.03854878
42307,Automobile,-1.0361267
21443,Ship,-1.0352639000000001
18708,Dog,-1.0288975
32476,Truck,-1.0268228499999998
23668,Dog,-1.0230939000000001
43397,Dog,-1.02232415
34660,Dog,-1.020291525
33924,Frog,-1.0185731649999998
10361,Ship,-1.0178327999999999
42152,Dog,-1.0100548
26917,Dog,-1.00830382
6805,Bird,-1.00575305
29273,Cat,-1.0050958250000002
16572,Ship,-1.0050379999999999
5106,Cat,-1.003152965
24506,Dog,-1.00299805
32458,Automobile,-1.0018097
301,Automobile,-1.001704835
7045,Ship,-1.00027415
49881,Bird,-0.99956415
8122,Cat,-0.99927396
42181,Bird,-0.9987994000000001
9817,Cat,-0.9974959999999999
29489,Deer,-0.9973038000000001
28294,Dog,-0.9932328850000001
27987,Horse,-0.99280584
12703,Bird,-0.9902866749999999
31404,Cat,-0.9897887000000001
24565,Cat,-0.9892327
41528,Frog,-0.9892179750000001
13757,Bird,-0.9870507
34626,Dog,-0.98626595
47863,Automobile,-0.9842644999999999
34003,Dog,-0.982607
30770,Ship,-0.98099554
893,Automobile,-0.98068714
33414,Airplane,-0.97552675
12070,Bird,-0.973411775
49550,Frog,-0.9732293000000001
21686,Cat,-0.97025395
5756,Deer,-0.9680003500000001
20496,Cat,-0.9662036350000001
42783,Cat,-0.9620353000000001
35037,Automobile,-0.9596844499999999
30318,Cat,-0.9547831999999999
13777,Bird,-0.9547551
1070,Cat,-0.95402044
46932,Cat,-0.953209065
12011,Truck,-0.948711775
5896,Cat,-0.9472229999999999
16648,Deer,-0.9436097
4509,Airplane,-0.938644795
4091,Bird,-0.934742
28787,Cat,-0.93290395
32697,Bird,-0.9325824
7178,Bird,-0.9308044
21001,Horse,-0.9259862750000001
23645,Truck,-0.9240149
39989,Cat,-0.9209271000000001
37675,Cat,-0.91907966
2197,Cat,-0.9182678
11736,Cat,-0.91790813
24136,Bird,-0.9177671999999999
36009,Bird,-0.915751725
28397,Bird,-0.91529137
37321,Bird,-0.9125788
22749,Deer,-0.905327915
42029,Cat,-0.9046779
18241,Bird,-0.89841026
38440,Horse,-0.8963825999999999
48151,Truck,-0.8949589
22950,Truck,-0.8861636999999999
45952,Dog,-0.8799155999999999
8728,Truck,-0.8754715000000001
